{
  "project_info": {
    "project_number": "204052070221",
    "project_id": "icomplaint-3ba1a",
    "storage_bucket": "icomplaint-3ba1a.appspot.com"
  },
  "client": [
    {
      "client_info": {
        "mobilesdk_app_id": "1:204052070221:android:9677d943b6cb658d890104",
        "android_client_info": {
          "package_name": "com.example.icomplaint"
        }
      },
      "oauth_client": [
        {
          "client_id": "204052070221-bgp5stg1lgtfjubrebcg9jd78s3ugu97.apps.googleusercontent.com",
          "client_type": 3
        }
      ],
      "api_key": [
        {
          "current_key": "AIzaSyB72Lj7OrI4Epf65kSipKs9f3FvFqtAR8I"
        }
      ],
      "services": {
        "appinvite_service": {
          "other_platform_oauth_client": [
            {
              "client_id": "204052070221-bgp5stg1lgtfjubrebcg9jd78s3ugu97.apps.googleusercontent.com",
              "client_type": 3
            }
          ]
        }
      }
    }
  ],
  "configuration_version": "1"
}